[
  {
    "country": "أفغانستان",
    "city": "كابول"
  },
  {
    "country": "ألبانيا",
    "city": "تيرانا"
  },
  {
    "country": "الجزائر",
    "city": "الجزائر"
  },
  {
    "country": "ساموا الأمريكية",
    "city": "فاجاتوغو"
  },
  {
    "country": "أندورا",
    "city": "أندورا لا فيلا"
  },
  {
    "country": "أنغولا",
    "city": "لواندا"
  },
  {
    "country": "أنغويلا",
    "city": "ذا فالي"
  },
  {
    "country": "القارة القطبية الجنوبية",
    "city": "لا تملك عاصمة"
  },
  {
    "country": "أنتيغوا وبربودا",
    "city": "سانت جونز"
  },
  {
    "country": "الأرجنتين",
    "city": "بوينس آيرس"
  },
  {
    "country": "أرمينيا",
    "city": "يريفان"
  },
  {
    "country": "أروبا",
    "city": "أورانجستاد"
  },
  {
    "country": "أستراليا",
    "city": "كانبرا"
  },
  {
    "country": "النمسا",
    "city": "فيينا"
  },
  {
    "country": "أذربيجان",
    "city": "باكو"
  },
  {
    "country": "الباهاما",
    "city": "ناسو"
  },
  {
    "country": "البحرين",
    "city": "المنامة"
  },
  {
    "country": "بنغلاديش",
    "city": "دكا"
  },
  {
    "country": "بربادوس",
    "city": "بريدجتاون"
  },
  {
    "country": "بيلاروس",
    "city": "مينسك"
  },
  {
    "country": "بلجيكا",
    "city": "بروكسل"
  },
  {
    "country": "بليز",
    "city": "بيلموبان"
  },
  {
    "country": "بنين",
    "city": "بورتو نوفو"
  },
  {
    "country": "برمودا",
    "city": "هاملتون"
  },
  {
    "country": "بوتان",
    "city": "تيمفو"
  },
  {
    "country": "بوليفيا",
    "city": "لا باز"
  },
  {
    "country": "البوسنة والهرسك",
    "city": "سراييفو"
  },
  {
    "country": "بوتسوانا",
    "city": "غابورون"
  },
  {
    "country": "جزيرة بوفيه",
    "city": "لا تملك عاصمة"
  },
  {
    "country": "البرازيل",
    "city": "برازيليا"
  },
  {
    "country": "إقليم المحيط الهندي البريطاني",
    "city": "لا تملك عاصمة"
  },
  {
    "country": "بروناي",
    "city": "باندار سيري بيجاوان"
  },
  {
    "country": "بلغاريا",
    "city": "صوفيا"
  },
  {
    "country": "بوركينا فاسو",
    "city": "واغادوغو"
  },
  {
    "country": "بوروندي",
    "city": "بوجومبورا"
  },
  {
    "country": "كمبوديا",
    "city": "بنوم بنه"
  },
  {
    "country": "الكاميرون",
    "city": "ياوندي"
  },
  {
    "country": "كندا",
    "city": "أوتاوا"
  },
  {
    "country": "الرأس الأخضر",
    "city": "برايا"
  },
  {
    "country": "جزر كايمان",
    "city": "جورج تاون"
  },
  {
    "country": "جمهورية أفريقيا الوسطى",
    "city": "بانغوي"
  },
  {
    "country": "تشاد",
    "city": "إنجامينا"
  },
  {
    "country": "تشيلي",
    "city": "سانتياغو دي تشيلي"
  },
  {
    "country": "الصين",
    "city": "بكين"
  },
  {
    "country": "جزيرة كريسماس",
    "city": "خور السمك الطائر"
  },
  {
    "country": "جزر كوكوس (كيلينغ)",
    "city": "ويست آيلاند"
  },
  {
    "country": "كولومبيا",
    "city": "سانتافي"
  },
  {
    "country": "جزر القمر",
    "city": "موروني"
  },
  {
    "country": "الكونغو",
    "city": "برازافيل"
  },
  {
    "country": "جزر كوك",
    "city": "أفاروا"
  },
  {
    "country": "كوستاريكا",
    "city": "سان خوسيه"
  },
  {
    "country": "كرواتيا",
    "city": "زغرب"
  },
  {
    "country": "كوبا",
    "city": "لا هافانا"
  },
  {
    "country": "قبرص",
    "city": "نيقوسيا"
  },
  {
    "country": "الجمهورية التشيكية",
    "city": "براغا"
  },
  {
    "country": "الدنمارك",
    "city": "كوبنهاغن"
  },
  {
    "country": "جيبوتي",
    "city": "جيبوتي"
  },
  {
    "country": "دومينيكا",
    "city": "روزو"
  },
  {
    "country": "جمهورية الدومينيكان",
    "city": "سانتو دومينغو دي غوزمان"
  },
  {
    "country": "تيمور الشرقية",
    "city": "ديلي"
  },
  {
    "country": "الإكوادور",
    "city": "كيتو"
  },
  {
    "country": "مصر",
    "city": "القاهرة"
  },
  {
    "country": "إلسلفادور",
    "city": "سان سلفادور"
  },
  {
    "country": "إنجلترا",
    "city": "لندن"
  },
  {
    "country": "غينيا الاستوائية",
    "city": "مالابو"
  },
  {
    "country": "إريتريا",
    "city": "أسمرة"
  },
  {
    "country": "إستونيا",
    "city": "تالين"
  },
  {
    "country": "إثيوبيا",
    "city": "أديس أبابا"
  },
  {
    "country": "جزر فوكلاند",
    "city": "ستانلي"
  },
  {
    "country": "جزر فارو",
    "city": "تورشافن"
  },
  {
    "country": "جزر فيجي",
    "city": "سوفا"
  },
  {
    "country": "فنلندا",
    "city": "هلسنكي"
  },
  {
    "country": "فرنسا",
    "city": "باريس"
  },
  {
    "country": "غيانا الفرنسية",
    "city": "كايين"
  },
  {
    "country": "بولينيزيا الفرنسية",
    "city": "بابيتي"
  },
  {
    "country": "المناطق الجنوبية الفرنسية",
    "city": "لا تملك عاصمة"
  },
  {
    "country": "الجابون",
    "city": "ليبرفيل"
  },
  {
    "country": "غامبيا",
    "city": "بانجول"
  },
  {
    "country": "جورجيا",
    "city": "تبليسي"
  },
  {
    "country": "ألمانيا",
    "city": "برلين"
  },
  {
    "country": "غانا",
    "city": "أكرا"
  },
  {
    "country": "جبل طارق",
    "city": "جبل طارق"
  },
  {
    "country": "اليونان",
    "city": "أثينا"
  },
  {
    "country": "غرينلاند",
    "city": "نووك"
  },
  {
    "country": "غرينادا",
    "city": "سانت جورج"
  },
  {
    "country": "جوادلوب",
    "city": "باس-تير"
  },
  {
    "country": "غوام",
    "city": "أغا"
  },
  {
    "country": "غواتيمالا",
    "city": "مدينة غواتيمالا"
  },
  {
    "country": "غينيا",
    "city": "كوناكري"
  },
  {
    "country": "غينيا بيساو",
    "city": "بيساو"
  },
  {
    "country": "غيانا",
    "city": "جورج تاون"
  },
  {
    "country": "هايتي",
    "city": "بورتو برنس"
  },
  {
    "country": "جزيرة هيرد وجزر ماكدونالد",
    "city": "لا تملك عاصمة"
  },
  {
    "country": "الفاتيكان (دولة مدينة الفاتيكان)",
    "city": "سيتا"
  },
  {
    "country": "هندوراس",
    "city": "تيغوسيغالبا"
  },
  {
    "country": "هونغ كونغ",
    "city": "فيكتوريا"
  },
  {
    "country": "هنغاريا",
    "city": "بودابست"
  },
  {
    "country": "آيسلندا",
    "city": "ريكيافيك"
  },
  {
    "country": "الهند",
    "city": "نيودلهي"
  },
  {
    "country": "إندونيسيا",
    "city": "جاكرتا"
  },
  {
    "country": "إيران",
    "city": "طهران"
  },
  {
    "country": "العراق",
    "city": "بغداد"
  },
  {
    "country": "أيرلندا",
    "city": "دبلن"
  },
  {
    "country": "إخرائيل",
    "city": "لا تملك عاصمة"
  },
  {
    "country": "إيطاليا",
    "city": "روما"
  },
  {
    "country": "ساحل العاج",
    "city": "ياموسوكرو"
  },
  {
    "country": "جامايكا",
    "city": "كينغستون"
  },
  {
    "country": "اليابان",
    "city": "طوكيو"
  },
  {
    "country": "الأردن",
    "city": "عمان"
  },
  {
    "country": "كازاخستان",
    "city": "أستانا"
  },
  {
    "country": "كينيا",
    "city": "نايروبي"
  },
  {
    "country": "كيريباتي",
    "city": "بايريكي"
  },
  {
    "country": "الكويت",
    "city": "الكويت"
  },
  {
    "country": "قيرغيزستان",
    "city": "بيشكيك"
  },
  {
    "country": "لاوس",
    "city": "فيانتيان"
  },
  {
    "country": "لاتفيا",
    "city": "ريغا"
  },
  {
    "country": "لبنان",
    "city": "بيروت"
  },
  {
    "country": "ليسوتو",
    "city": "ماسيرو"
  },
  {
    "country": "ليبريا",
    "city": "مونروفيا"
  },
  {
    "country": "الجماهيرية العربية الليبية",
    "city": "طرابلس"
  },
  {
    "country": "ليختنشتاين",
    "city": "فادوز"
  },
  {
    "country": "ليتوانيا",
    "city": "فيلنيوس"
  },
  {
    "country": "لوكسمبورغ",
    "city": "لوكسمبورغ"
  },
  {
    "country": "ماكاو",
    "city": "ماكاو"
  },
  {
    "country": "مقدونيا الشمالية",
    "city": "سكوبيه"
  },
  {
    "country": "مدغشقر",
    "city": "أنتاناناريفو"
  },
  {
    "country": "ملاوي",
    "city": "ليلونجوي"
  },
  {
    "country": "ماليزيا",
    "city": "كوالالمبور"
  },
  {
    "country": "جزر المالديف",
    "city": "ماليه"
  },
  {
    "country": "مالي",
    "city": "باماكو"
  },
  {
    "country": "مالطا",
    "city": "فاليتا"
  },
  {
    "country": "جزر مارشال",
    "city": "دالاب-أوليغا-داريت"
  },
  {
    "country": "مارتينيك",
    "city": "فور دو فرانس"
  },
  {
    "country": "موريتانيا",
    "city": "نواكشوط"
  },
  {
    "country": "موريشيوس",
    "city": "بورت لويس"
  },
  {
    "country": "مايوت",
    "city": "ماموتزو"
  },
  {
    "country": "المكسيك",
    "city": "مدينة مكسيكو"
  },
  {
    "country": "ولايات ميكرونيسيا المتحدة",
    "city": "باليكير"
  },
  {
    "country": "مولدوفا",
    "city": "كيشيناو"
  },
  {
    "country": "موناكو",
    "city": "موناكو-فيل"
  },
  {
    "country": "منغوليا",
    "city": "أولان باتور"
  },
  {
    "country": "الجبل الأسود",
    "city": "بودغوريتسا"
  },
  {
    "country": "مونتسيرات",
    "city": "بليموث"
  },
  {
    "country": "المغرب",
    "city": "الرباط"
  },
  {
    "country": "موزمبيق",
    "city": "مابوتو"
  },
  {
    "country": "ميانمار (بورما)",
    "city": "رانغون (يانغون)"
  },
  {
    "country": "ناميبيا",
    "city": "ويندهوك"
  },
  {
    "country": "ناورو",
    "city": "يارين"
  },
  {
    "country": "نيبال",
    "city": "كاتماندو"
  },
  {
    "country": "هولندا",
    "city": "أمستردام"
  },
  {
    "country": "جزر الأنتيل الهولندية",
    "city": "ويلمستاد"
  },
  {
    "country": "كاليدونيا الجديدة",
    "city": "نوميا"
  },
  {
    "country": "نيوزيلندا",
    "city": "ويلينغتون"
  },
  {
    "country": "نيكاراجوا",
    "city": "ماناغوا"
  },
  {
    "country": "النيجر",
    "city": "نيامي"
  },
  {
    "country": "نيجيريا",
    "city": "أبوجا"
  },
  {
    "country": "نيوي",
    "city": "ألوفي"
  },
  {
    "country": "جزيرة نورفولك",
    "city": "كينغستون"
  },
  {
    "country": "كوريا الشمالية",
    "city": "بيونغ يانغ"
  },
  {
    "country": "أيرلندا الشمالية",
    "city": "بلفاست"
  },
  {
    "country": "جزر ماريانا الشمالية",
    "city": "غارابان"
  },
  {
    "country": "النرويج",
    "city": "أوسلو"
  },
  {
    "country": "عمان",
    "city": "مسقط"
  },
  {
    "country": "باكستان",
    "city": "إسلام آباد"
  },
  {
    "country": "بالاو",
    "city": "كورور"
  },
  {
    "country": "فلسطين",
    "city": "القدس"
  },
  {
    "country": "بنما",
    "city": "مدينة بنما"
  },
  {
    "country": "بابوا غينيا الجديدة",
    "city": "بورت مورسبي"
  },
  {
    "country": "باراغواي",
    "city": "أسونسيون"
  },
  {
    "country": "بيرو",
    "city": "ليما"
  },
  {
    "country": "الفلبين",
    "city": "مانيلا"
  },
  {
    "country": "بيتكيرن",
    "city": "آدمزتاون"
  },
  {
    "country": "بولندا",
    "city": "فارسوفيا"
  },
  {
    "country": "البرتغال",
    "city": "لشبونة"
  },
  {
    "country": "بورتو ريكو",
    "city": "سان خوان"
  },
  {
    "country": "قطر",
    "city": "الدوحة"
  },
  {
    "country": "روينيون",
    "city": "سانت دينيس"
  },
  {
    "country": "رومانيا",
    "city": "بوخارست"
  },
  {
    "country": "الاتحاد الروسي",
    "city": "موسكو"
  },
  {
    "country": "رواندا",
    "city": "كيغالي"
  },
  {
    "country": "سانت هيلينا",
    "city": "جيمستاون"
  },
  {
    "country": "سانت كيتس ونيفيس",
    "city": "باسيتير"
  },
  {
    "country": "سانت لوسيا",
    "city": "كاستريس"
  },
  {
    "country": "سان بيير وميكلون",
    "city": "سانت بيير"
  },
  {
    "country": "سانت فينسنت وجزر غرينادين",
    "city": "كينغستاون"
  },
  {
    "country": "ساموا",
    "city": "أبيا"
  },
  {
    "country": "سان مارينو",
    "city": "سان مارينو"
  },
  {
    "country": "ساو تومي وبرينسيب",
    "city": "ساو تومي"
  },
  {
    "country": "المملكة العربية السعودية",
    "city": "الرياض"
  },
  {
    "country": "اسكتلندا",
    "city": "إدنبرة"
  },
  {
    "country": "السنغال",
    "city": "داكار"
  },
  {
    "country": "صربيا",
    "city": "بلغراد"
  },
  {
    "country": "سيشل",
    "city": "فيكتوريا"
  },
  {
    "country": "سيراليون",
    "city": "فريتاون"
  },
  {
    "country": "سنغافورة",
    "city": "سنغافورة"
  },
  {
    "country": "سلوفاكيا",
    "city": "براتيسلافا"
  },
  {
    "country": "سلوفينيا",
    "city": "ليوبليانا"
  },
  {
    "country": "جزر سليمان",
    "city": "هونيارا"
  },
  {
    "country": "الصومال",
    "city": "مقديشو"
  },
  {
    "country": "جنوب أفريقيا",
    "city": "بريتوريا"
  },
  {
    "country": "جورجيا الجنوبية وجزر ساندويتش الجنوبية",
    "city": "لا تملك عاصمة"
  },
  {
    "country": "كوريا الجنوبية",
    "city": "سيول"
  },
  {
    "country": "جنوب السودان",
    "city": "جوبا"
  },
  {
    "country": "إسبانيا",
    "city": "مدريد"
  },
  {
    "country": "سريلانكا",
    "city": "كولومبو، سري جاياوردينيبورا كوت"
  },
  {
    "country": "السودان",
    "city": "الخرطوم"
  },
  {
    "country": "سورينام",
    "city": "باراماريبو"
  },
  {
    "country": "سفالبارد وجان ماين",
    "city": "لونغيربين"
  },
  {
    "country": "سوازيلاند",
    "city": "مباباني"
  },
  {
    "country": "السويد",
    "city": "ستوكهولم"
  },
  {
    "country": "سويسرا",
    "city": "برن"
  },
  {
    "country": "سوريا",
    "city": "دمشق"
  },
  {
    "country": "طاجيكستان",
    "city": "دوشانبي"
  },
  {
    "country": "تنزانيا",
    "city": "دودوما"
  },
  {
    "country": "تايلاند",
    "city": "بانكوك"
  },
  {
    "country": "جمهورية الكونغو الديمقراطية",
    "city": "كينشاسا"
  },
  {
    "country": "توغو",
    "city": "لومي"
  },
  {
    "country": "توكيلاو",
    "city": "فاكاوفو"
  },
  {
    "country": "تونغا",
    "city": "نوكوالوفا"
  },
  {
    "country": "ترينيداد وتوباغو",
    "city": "بورت أوف سبين"
  },
  {
    "country": "تونس",
    "city": "تونس"
  },
  {
    "country": "تركيا",
    "city": "أنقرة"
  },
  {
    "country": "تركمنستان",
    "city": "عشق آباد"
  },
  {
    "country": "جزر التركس وجايكوس",
    "city": "كوكبرن تاون"
  },
  {
    "country": "توفالو",
    "city": "فونافوتي"
  },
  {
    "country": "أوغندا",
    "city": "كامبالا"
  },
  {
    "country": "أوكرانيا",
    "city": "كييف"
  },
  {
    "country": "الإمارات العربية المتحدة",
    "city": "أبو ظبي"
  },
  {
    "country": "المملكة المتحدة",
    "city": "لندن"
  },
  {
    "country": "الولايات المتحدة",
    "city": "واشنطن"
  },
  {
    "country": "جزر الولايات المتحدة البعيدة الصغيرة",
    "city": "لا تملك عاصمة"
  },
  {
    "country": "أوروغواي",
    "city": "مونتيفيديو"
  },
  {
    "country": "أوزبكستان",
    "city": "توشكنت"
  },
  {
    "country": "فانواتو",
    "city": "بورت فيلا"
  },
  {
    "country": "فنزويلا",
    "city": "كراكاس"
  },
  {
    "country": "فاتيكان سيتي",
    "city": "فاتيكان سيتي"
  },
  {
    "country": "فيتنام",
    "city": "هانوي"
  },
  {
    "country": "الجزر العذراء البريطانية",
    "city": "رود تاون"
  },
  {
    "country": "الجزر العذراء الأمريكية",
    "city": "شارلوت أمالي"
  },
  {
    "country": "ويلز",
    "city": "كارديف"
  },
  {
    "country": "واليس وفوتونا",
    "city": "ماتا-أوتو"
  },
  {
    "country": "الصحراء الغربية",
    "city": "العيون"
  },
  {
    "country": "اليمن",
    "city": "صنعاء"
  },
  {
    "country": "زامبيا",
    "city": "لوساكا"
  },
  {
    "country": "زيمبابوي",
    "city": "هراري"
  }
]
