{
    "ad": "أندورا",
    "ae": "الإمارات العربية المتحدة",
    "af": "أفغانستان",
    "ag": "أنتيغوا وبربودا",
    "ai": "أنغويلا",
    "al": "ألبانيا",
    "am": "أرمينيا",
    "ao": "أنغولا",
    "aq": "القطب الجنوبي",
    "ar": "الأرجنتين",
    "as": "ساموا الأمريكية",
    "at": "النمسا",
    "au": "أستراليا",
    "aw": "أروبا",
    "ax": "جزر آلاند",
    "az": "أذربيجان",
    "ba": "البوسنة والهرسك",
    "bb": "باربادوس",
    "bd": "بنغلاديش",
    "be": "بلجيكا",
    "bf": "بوركينا فاسو",
    "bg": "بلغاريا",
    "bh": "البحرين",
    "bi": "بوروندي",
    "bj": "بنين",
    "bl": "سان بارتيلمي",
    "bm": "برمودا",
    "bn": "بروناي",
    "bo": "بوليفيا",
    "bq": "هولندا الكاريبية",
    "br": "البرازيل",
    "bs": "البهاما",
    "bt": "بوتان",
    "bv": "جزيرة بوفيه",
    "bw": "بوتسوانا",
    "by": "بيلاروسيا",
    "bz": "بليز",
    "ca": "كندا",
    "cc": "جزر كوكوس (كيلينغ)",
    "cd": "جمهورية الكونغو الديمقراطية",
    "cf": "جمهورية أفريقيا الوسطى",
    "cg": "جمهورية الكونغو",
    "ch": "سويسرا",
    "ci": "ساحل العاج",
    "ck": "جزر كوك",
    "cl": "تشيلي",
    "cm": "الكاميرون",
    "cn": "الصين",
    "co": "كولومبيا",
    "cr": "كوستاريكا",
    "cu": "كوبا",
    "cv": "الرأس الأخضر",
    "cw": "كوراساو",
    "cx": "جزيرة الكريسماس",
    "cy": "قبرص",
    "cz": "تشيكيا",
    "de": "ألمانيا",
    "dj": "جيبوتي",
    "dk": "الدنمارك",
    "dm": "دومينيكا",
    "do": "جمهورية الدومينيكان",
    "dz": "الجزائر",
    "ec": "الإكوادور",
    "ee": "إستونيا",
    "eg": "مصر",
    "eh": "الصحراء الغربية",
    "er": "إريتريا",
    "es": "إسبانيا",
    "et": "إثيوبيا",
    "eu": "الاتحاد الأوروبي",
    "fi": "فنلندا",
    "fj": "فيجي",
    "fk": "جزر فوكلاند",
    "fm": "ميكرونيزيا",
    "fo": "جزر فارو",
    "fr": "فرنسا",
    "ga": "الجابون",
    "gb": "المملكة المتحدة",
    "gb-eng": "إنجلترا",
    "gb-nir": "إيرلندا الشمالية",
    "gb-sct": "اسكتلندا",
    "gb-wls": "ويلز",
    "gd": "غرينادا",
    "ge": "جورجيا",
    "gf": "غويانا الفرنسية",
    "gg": "غيرنزي",
    "gh": "غانا",
    "gi": "جبل طارق",
    "gl": "غرينلاند",
    "gm": "غامبيا",
    "gn": "غينيا",
    "gp": "جوادلوب",
    "gq": "غينيا الاستوائية",
    "gr": "اليونان",
    "gs": "جورجيا الجنوبية",
    "gt": "غواتيمالا",
    "gu": "غوام",
    "gw": "غينيا بيساو",
    "gy": "غيانا",
    "hk": "هونغ كونغ",
    "hm": "جزيرة هيرد وجزر ماكدونالد",
    "hn": "هندوراس",
    "hr": "كرواتيا",
    "ht": "هايتي",
    "hu": "هنغاريا",
    "id": "إندونيسيا",
    "ie": "أيرلندا",
    "il": "إسرائيل",
    "im": "جزيرة مان",
    "in": "الهند",
    "io": "إقليم المحيط الهندي البريطاني",
    "iq": "العراق",
    "ir": "إيران",
    "is": "آيسلندا",
    "it": "إيطاليا",
    "je": "جيرسي",
    "jm": "جامايكا",
    "jo": "الأردن",
    "jp": "اليابان",
    "ke": "كينيا",
    "kg": "قيرغيزستان",
    "kh": "كمبوديا",
    "ki": "كيريباتي",
    "km": "جزر القمر",
    "kn": "سانت كيتس ونيفيس",
    "kp": "كوريا الشمالية",
    "kr": "كوريا الجنوبية",
    "kw": "الكويت",
    "ky": "جزر كايمان",
    "kz": "كازاخستان",
    "la": "لاوس",
    "lb": "لبنان",
    "lc": "سانت لوسيا",
    "li": "ليختنشتاين",
    "lk": "سريلانكا",
    "lr": "ليبيريا",
    "ls": "ليسوتو",
    "lt": "ليتوانيا",
    "lu": "لوكسمبورغ",
    "lv": "لاتفيا",
    "ly": "ليبيا",
    "ma": "المغرب",
    "mc": "موناكو",
    "md": "مولدوفا",
    "me": "الجبل الأسود",
    "mf": "سانت مارتن",
    "mg": "مدغشقر",
    "mh": "جزر مارشال",
    "mk": "مقدونيا الشمالية",
    "ml": "مالي",
    "mm": "ميانمار",
    "mn": "منغوليا",
    "mo": "ماكاو",
    "mp": "جزر ماريانا الشمالية",
    "mq": "مارتينيك",
    "mr": "موريتانيا",
    "ms": "مونتسرات",
    "mt": "مالطا",
    "mu": "موريشيوس",
    "mv": "المالديف",
    "mw": "ملاوي",
    "mx": "المكسيك",
    "my": "ماليزيا",
    "mz": "موزمبيق",
    "na": "ناميبيا",
    "nc": "كاليدونيا الجديدة",
    "ne": "النيجر",
    "nf": "جزيرة نورفوك",
    "ng": "نيجيريا",
    "ni": "نيكاراغوا",
    "nl": "هولندا",
    "no": "النرويج",
    "np": "نيبال",
    "nr": "ناورو",
    "nu": "نيوي",
    "nz": "نيوزيلندا",
    "om": "عمان",
    "pa": "بنما",
    "pe": "بيرو",
    "pf": "بولينيزيا الفرنسية",
    "pg": "بابوا غينيا الجديدة",
    "ph": "الفيلبين",
    "pk": "باكستان",
    "pl": "بولندا",
    "pm": "سان بيير وميكولون",
    "pn": "جزر بيتكيرن",
    "pr": "بورتوريكو",
    "ps": "فلسطين",
    "pt": "البرتغال",
    "pw": "بالاو",
    "py": "باراغواي",
    "qa": "قطر",
    "re": "ريونيون",
    "ro": "رومانيا",
    "rs": "صربيا",
    "ru": "روسيا",
    "rw": "رواندا",
    "sa": "المملكة العربية السعودية",
    "sb": "جزر سليمان",
    "sc": "سيشل",
    "sd": "السودان",
    "se": "السويد",
    "sg": "سنغافورة",
    "sh": "سانت هيلينا وأسينشين وتريستان دا كونا",
    "si": "سلوفينيا",
    "sj": "سفالبارد ويان ماين",
    "sk": "سلوفاكيا",
    "sl": "سيراليون",
    "sm": "سان مارينو",
    "sn": "السنغال",
    "so": "الصومال",
    "sr": "سورينام",
    "ss": "جنوب السودان",
    "st": "ساو تومي وبرينسيبي",
    "sv": "السلفادور",
    "sx": "سانت مارتن",
    "sy": "سوريا",
    "sz": "إسواتيني (سوازيلاند)",
    "tc": "جزر تركس وكايكوس",
    "td": "تشاد",
    "tf": "الأقاليم الفرنسية الجنوبية والأنتارتيكية",
    "tg": "توغو",
    "th": "تايلاند",
    "tj": "طاجيكستان",
    "tk": "توكيلاو",
    "tl": "تيمور الشرقية",
    "tm": "تركمانستان",
    "tn": "تونس",
    "to": "تونغا",
    "tr": "تركيا",
    "tt": "ترينيداد وتوباغو",
    "tv": "توفالو",
    "tw": "تايوان",
    "tz": "تنزانيا",
    "ua": "أوكرانيا",
    "ug": "أوغندا",
    "um": "جزر الولايات المتحدة البعيدة الصغيرة",
    "un": "الأمم المتحدة",
    "us": "الولايات المتحدة",
    "us-ak": "ألاسكا",
    "us-al": "ألاباما",
    "us-ar": "أركنساس",
    "us-az": "أريزونا",
    "us-ca": "كاليفورنيا",
    "us-co": "كولورادو",
    "us-ct": "كونيتيكت",
    "us-de": "ديلاوير",
    "us-fl": "فلوريدا",
    "us-ga": "جورجيا",
    "us-hi": "هاواي",
    "us-ia": "آيوا",
    "us-id": "أيداهو",
    "us-il": "إلينوي",
    "us-in": "إنديانا",
    "us-ks": "كانساس",
    "us-ky": "كنتاكي",
    "us-la": "لويزيانا",
    "us-ma": "ماساتشوستس",
    "us-md": "ماريلاند",
    "us-me": "ماين",
    "us-mi": "ميشيغان",
    "us-mn": "مينيسوتا",
    "us-mo": "ميزوري",
    "us-ms": "ميسيسيبي",
    "us-mt": "مونتانا",
    "us-nc": "كارولينا الشمالية",
    "us-nd": "داكوتا الشمالية",
    "us-ne": "نبراسكا",
    "us-nh": "نيو هامبشير",
    "us-nj": "نيو جيرسي",
    "us-nm": "نيو مكسيكو",
    "us-nv": "نيفادا",
    "us-ny": "نيويورك",
    "us-oh": "أوهايو",
    "us-ok": "أوكلاهوما",
    "us-or": "أوريغون",
    "us-pa": "بنسلفانيا",
    "us-ri": "رود آيلاند",
    "us-sc": "كارولينا الجنوبية",
    "us-sd": "داكوتا الجنوبية",
    "us-tn": "تينيسي",
    "us-tx": "تكساس",
    "us-ut": "يوتا",
    "us-va": "فيرجينيا",
    "us-vt": "فيرمونت",
    "us-wa": "واشنطن",
    "us-wi": "ويسكونسن",
    "us-wv": "فرجينيا الغربية",
    "us-wy": "وايومنغ",
    "uy": "أوروغواي",
    "uz": "أوزبكستان",
    "va": "الفاتيكان (الكرسي الرسولي)",
    "vc": "سانت فنسنت والغرينادين",
    "ve": "فنزويلا",
    "vg": "جزر العذراء البريطانية",
    "vi": "جزر العذراء الأمريكية",
    "vn": "فيتنام",
    "vu": "فانواتو",
    "wf": "واليس وفوتونا",
    "ws": "ساموا",
    "xk": "كوسوفو",
    "ye": "اليمن",
    "yt": "مايوت",
    "za": "جنوب أفريقيا",
    "zm": "زامبيا",
    "zw": "زيمبابوي"
}

