{
  "1": {
    "id": "0",
    "name": "Anime 2D"
  },
  "2": {
    "id": "4",
    "name": "Blood of Blue"
  },
  "3": {
    "id": "6",
    "name": "Theft Gangsta"
  },
  "4": {
    "id": "7",
    "name": "Pretty Soldier"
  },
  "5": {
    "id": "9",
    "name": "Ninja Storm"
  },
  "6": {
    "id": "12",
    "name": "Z Fighters"
  },
  "7": {
    "id": "14",
    "name": "New World's Pirate"
  },
  "8": {
    "id": "16",
    "name": "Cyber Verse"
  },
  "9": {
    "id": "17",
    "name": "Superhero Comic"
  },
  "10": {
    "id": "18",
    "name": "Legend Warrior"
  },
  "11": {
    "id": "19",
    "name": "Maid Dressing"
  },
  "12": {
    "id": "21",
    "name": "Vampire Killer"
  },
  "13": {
    "id": "22",
    "name": "Wing of Faith"
  },
  "14": {
    "id": "23",
    "name": "Kyoto Girl"
  },
  "15": {
    "id": "26",
    "name": "American Comics"
  },
  "16": {
    "id": "27",
    "name": "Canvas Anime"
  },
  "17": {
    "id": "29",
    "name": "Starry Girl"
  },
  "18": {
    "id": "30",
    "name": "Immortal Diamond"
  },
  "19": {
    "id": "31",
    "name": "color illusion"
  },
  "20": {
    "id": "32",
    "name": "Abstract Pop Art"
  },
  "21": {
    "id": "33",
    "name": "My Hero"
  },
  "22": {
    "id": "35",
    "name": "Tears of Legend"
  },
  "23": {
    "id": "37",
    "name": "Bikini Girl"
  },
  "24": {
    "id": "38",
    "name": "Iron Suit"
  },
  "25": {
    "id": "39",
    "name": "Pirate Tale"
  },
  "26": {
    "id": "40",
    "name": "Egyptian Pharaoh"
  },
  "27": {
    "id": "41",
    "name": "Mighty Wizard"
  },
  "28": {
    "id": "42",
    "name": "Fuji Courtyard"
  },
  "29": {
    "id": "43",
    "name": "Lord of Realm"
  },
  "30": {
    "id": "44",
    "name": "Westerns"
  },
  "31": {
    "id": "45",
    "name": "Cyber Portrait"
  },
  "32": {
    "id": "46",
    "name": "Space Master"
  },
  "33": {
    "id": "47",
    "name": "Fancy Castle"
  },
  "34": {
    "id": "49",
    "name": "Millennial War"
  },
  "35": {
    "id": "50",
    "name": "Vintage Newspaper"
  },
  "36": {
    "id": "51",
    "name": "Stone Age"
  },
  "37": {
    "id": "53",
    "name": "Biohazard"
  },
  "38": {
    "id": "55",
    "name": "Only Goth"
  },
  "39": {
    "id": "56",
    "name": "Future 2077"
  },
  "40": {
    "id": "57",
    "name": "Dunk Jam"
  },
  "41": {
    "id": "58",
    "name": "Hell Note"
  },
  "42": {
    "id": "59",
    "name": "Elf of the Rings"
  },
  "43": {
    "id": "60",
    "name": "Immortal Fighters"
  },
  "44": {
    "id": "61",
    "name": "Bowtie Detective"
  },
  "45": {
    "id": "62",
    "name": "Summer Festival"
  },
  "46": {
    "id": "64",
    "name": "North Star"
  },
  "47": {
    "id": "65",
    "name": "Saint Knight"
  },
  "48": {
    "id": "66",
    "name": "Barbie Doll"
  },
  "49": {
    "id": "67",
    "name": "Barbie Beauty"
  },
  "50": {
    "id": "68",
    "name": "Duel Master"
  },
  "51": {
    "id": "70",
    "name": "Eva Mecha"
  },
  "52": {
    "id": "71",
    "name": "PixelArt"
  },
  "53": {
    "id": "72",
    "name": "DogDemon"
  },
  "54": {
    "id": "73",
    "name": "TennisGenius"
  },
  "55": {
    "id": "74",
    "name": "Sorcery Clash"
  },
  "56": {
    "id": "75",
    "name": "Metal Alchemist"
  },
  "57": {
    "id": "76",
    "name": "School Days"
  },
  "58": {
    "id": "77",
    "name": "Fairy Tale"
  },
  "59": {
    "id": "78",
    "name": "Soft Dream"
  },
  "60": {
    "id": "79",
    "name": "Volleyball"
  },
  "61": {
    "id": "80",
    "name": "Dead Festival"
  },
  "62": {
    "id": "81",
    "name": "Magic Woman"
  },
  "63": {
    "id": "82",
    "name": "Malefic Witch"
  },
  "64": {
    "id": "83",
    "name": "Gothic Daughter"
  },
  "65": {
    "id": "84",
    "name": "Mermaid"
  },
  "66": {
    "id": "85",
    "name": "Lady Widow"
  },
  "67": {
    "id": "86",
    "name": "Mother of Dragons"
  },
  "68": {
    "id": "87",
    "name": "Horror Night"
  },
  "69": {
    "id": "93",
    "name": "Christmas Eve"
  },
  "70": {
    "id": "94",
    "name": "New Year Party"
  },
  "71": {
    "id": "95",
    "name": "Ugly Sweater"
  },
  "72": {
    "id": "96",
    "name": "Grinch Thief"
  },
  "73": {
    "id": "97",
    "name": "Cartoon Ⅱ"
  },
  "74": {
    "id": "98",
    "name": "Eiffel Tower"
  },
  "75": {
    "id": "99",
    "name": "Big Ben"
  },
  "76": {
    "id": "100",
    "name": "Times Square"
  },
  "77": {
    "id": "101",
    "name": "Random Style"
  },
  "78": {
    "id": "102",
    "name": "Realistic Custom"
  },
  "79": {
    "id": "103",
    "name": "Anime Custom"
  },
  "80": {
    "id": "104",
    "name": "Star Idol"
  },
  "81": {
    "id": "110",
    "name": "Star Player"
  },
  "82": {
    "id": "111",
    "name": "Touchdown Look"
  },
  "83": {
    "id": "112",
    "name": "Cheer Squad"
  },
  "84": {
    "id": "113",
    "name": "Z Fighter Ⅱ"
  },
  "85": {
    "id": "114",
    "name": "Zombie Virus"
  },
  "86": {
    "id": "115",
    "name": "Silent Mountain"
  },
  "87": {
    "id": "116",
    "name": "Sin City"
  },
  "88": {
    "id": "117",
    "name": "PS2 Game"
  },
  "89": {
    "id": "118",
    "name": "Retro Arcade"
  },
  "90": {
    "id": "119",
    "name": "Last  Fantasy"
  },
  "91": {
    "id": "120",
    "name": "Sim4"
  },
  "92": {
    "id": "121",
    "name": "Elden Scrolls"
  },
  "93": {
    "id": "122",
    "name": "Duty Call"
  },
  "94": {
    "id": "124",
    "name": "World of War"
  },
  "95": {
    "id": "125",
    "name": "Battle Royal"
  },
  "96": {
    "id": "126",
    "name": "Crayon Boy"
  },
  "97": {
    "id": "127",
    "name": "Bowtie Detective Ⅱ"
  },
  "98": {
    "id": "128",
    "name": "Spirited II"
  },
  "99": {
    "id": "129",
    "name": "Radiation"
  },
  "100": {
    "id": "130",
    "name": "Clay Art"
  },
  "101": {
    "id": "131",
    "name": "Puppet"
  },
  "102": {
    "id": "132",
    "name": "Fuzzy Felt"
  },
  "103": {
    "id": "133",
    "name": "Jade"
  },
  "104": {
    "id": "134",
    "name": "Figures"
  },
  "105": {
    "id": "135",
    "name": " Garage Kit"
  },
  "106": {
    "id": "136",
    "name": "Theft Gangsta Ⅴ"
  },
  "107": {
    "id": "137",
    "name": "Kawaii Ranma"
  },
  "108": {
    "id": "138",
    "name": "Vintage Anime"
  },
  "109": {
    "id": "139",
    "name": "Lucky Rainbow"
  },
  "110": {
    "id": "140",
    "name": "Cute Doodles"
  },
  "111": {
    "id": "141",
    "name": "King Of Fighters"
  },
  "112": {
    "id": "142",
    "name": "Sketch"
  },
  "113": {
    "id": "143",
    "name": "ZhuXin"
  },
  "114": {
    "id": "144",
    "name": "Fairy Princess"
  },
  "115": {
    "id": "145",
    "name": "Day Dream"
  },
  "116": {
    "id": "146",
    "name": "LineCraft"
  },
  "117": {
    "id": "147",
    "name": "Family Dude"
  },
  "118": {
    "id": "148",
    "name": "Fly to Future"
  },
  "119": {
    "id": "150",
    "name": "Retro Game"
  },
  "120": {
    "id": "151",
    "name": "Emoji"
  },
  "121": {
    "id": "152",
    "name": "Dark Art"
  },
  "122": {
    "id": "153",
    "name": "Red Merc"
  },
  "123": {
    "id": "154",
    "name": "Alloy Claws"
  },
  "124": {
    "id": "155",
    "name": "Civilian Hero"
  },
  "125": {
    "id": "157",
    "name": "Fairy Friends"
  },
  "126": {
    "id": "158",
    "name": "Fuzzy Buddy"
  },
  "127": {
    "id": "159",
    "name": "Figurine Paw"
  },
  "128": {
    "id": "160",
    "name": "Retro Paw"
  },
  "129": {
    "id": "161",
    "name": "Coloring Book"
  },
  "130": {
    "id": "162",
    "name": "Sketch Ⅱ"
  },
  "131": {
    "id": "163",
    "name": "Clown"
  },
  "132": {
    "id": "164",
    "name": "Joker"
  },
  "133": {
    "id": "165",
    "name": "Spooky Makeup"
  },
  "134": {
    "id": "166",
    "name": "Skull Knight"
  },
  "135": {
    "id": "167",
    "name": "Desolation"
  },
  "136": {
    "id": "168",
    "name": "MiniMe"
  },
  "137": {
    "id": "169",
    "name": "Legend Warrior Ⅱ"
  },
  "138": {
    "id": "170",
    "name": "Crimson Knight"
  },
  "139": {
    "id": "171",
    "name": "Figure Box"
  },
  "140": {
    "id": "172",
    "name": "Dimension Mirror"
  },
  "141": {
    "id": "173",
    "name": "Polygon Figures"
  },
  "142": {
    "id": "174",
    "name": "Face Emoji"
  },
  "143": {
    "id": "175",
    "name": "Santa Hat "
  },
  "144": {
    "id": "176",
    "name": "Gladiator"
  },
  "145": {
    "id": "177",
    "name": "Rampage Girl"
  },
  "146": {
    "id": "178",
    "name": "Strange Life"
  },
  "147": {
    "id": "182",
    "name": "Hell's Haven"
  },
  "148": {
    "id": "183",
    "name": "Dreamtide"
  },
  "149": {
    "id": "184",
    "name": "Wing of Faith II"
  },
  "150": {
    "id": "185",
    "name": "Captain"
  },
  "151": {
    "id": "186",
    "name": "Journey"
  },
  "152": {
    "id": "187",
    "name": "Z Fighter 3"
  },
  "153": {
    "id": "188",
    "name": "Spirited III"
  },
  "154": {
    "id": "189",
    "name": "Pirates"
  },
  "155": {
    "id": "190",
    "name": "Drama"
  },
  "156": {
    "id": "191",
    "name": "Sketch Protrait"
  },
  "157": {
    "id": "192",
    "name": "Sketch Ⅲ"
  },
  "158": {
    "id": "193",
    "name": "S Family"
  },
  "159": {
    "id": "194",
    "name": "Trainer"
  },
  "160": {
    "id": "195",
    "name": "Manga"
  },
  "161": {
    "id": "196",
    "name": "Pixel Portrait"
  },
  "162": {
    "id": "197",
    "name": "Mine Cube Ⅱ"
  },
  "163": {
    "id": "198",
    "name": "Webtoon"
  },
  "164": {
    "id": "199",
    "name": "3D Cartoon Ⅲ"
  },
  "165": {
    "id": "200",
    "name": "Anime Ⅱ"
  },
  "166": {
    "id": "201",
    "name": "Figure Ⅱ"
  },
  "167": {
    "id": "203",
    "name": "Baby Me"
  },
  "168": {
    "id": "204",
    "name": "Spirited Ⅳ"
  },
  "169": {
    "id": "205",
    "name": "Spirited Ⅴ"
  },
  "170": {
    "id": "206",
    "name": "Cartoon 3D Ⅳ"
  },
  "171": {
    "id": "207",
    "name": "Action Figure"
  },
  "172": {
    "id": "208",
    "name": "Miniature"
  },
  "173": {
    "id": "209",
    "name": "Yearbook"
  },
  "174": {
    "id": "210",
    "name": "Cute Figure "
  },
  "175": {
    "id": "211",
    "name": "Cute Figure Ⅱ"
  },
  "176": {
    "id": "212",
    "name": "Kawaii"
  },
  "177": {
    "id": "213",
    "name": "Animal Home"
  },
  "178": {
    "id": "214",
    "name": "Travel"
  },
  "179": {
    "id": "215",
    "name": "Blythe"
  },
  "180": {
    "id": "216",
    "name": "Pop Figure"
  },
  "181": {
    "id": "217",
    "name": "Figure Ⅲ"
  },
  "182": {
    "id": "218",
    "name": "Barbie Figure"
  },
  "183": {
    "id": "220",
    "name": "Gothic Figure"
  },
  "184": {
    "id": "221",
    "name": "Crochet"
  },
  "185": {
    "id": "222",
    "name": "Plush"
  },
  "186": {
    "id": "223",
    "name": "Crystal Ball"
  },
  "187": {
    "id": "224",
    "name": "Caricature"
  },
  "188": {
    "id": "225",
    "name": "Bling Card"
  },
  "189": {
    "id": "226",
    "name": "Future baby"
  },
  "190": {
    "id": "227",
    "name": "AI Lover"
  },
  "191": {
    "id": "228",
    "name": "Puppet 2"
  },
  "192": {
    "id": "230",
    "name": "Cinematic"
  },
  "193": {
    "id": "231",
    "name": "Stitchy"
  },
  "194": {
    "id": "232",
    "name": "Ninja"
  },
  "195": {
    "id": "234",
    "name": "Spirited Ⅵ"
  },
  "196": {
    "id": "235",
    "name": "Anime 3"
  },
  "197": {
    "id": "237",
    "name": "Demon Killer Ⅱ"
  },
  "198": {
    "id": "238",
    "name": "Pirates Ⅱ"
  },
  "199": {
    "id": "239",
    "name": "Classic Cartoon"
  },
  "200": {
    "id": "240",
    "name": "Fatify"
  },
  "201": {
    "id": "241",
    "name": "Realistic Convert"
  },
  "202": {
    "id": "242",
    "name": "Z Fighter 4"
  },
  "203": {
    "id": "244",
    "name": "Coloring Book Ⅱ"
  },
  "204": {
    "id": "245",
    "name": "Cartoon3D Ⅴ"
  },
  "205": {
    "id": "246",
    "name": "Super Hero"
  },
  "206": {
    "id": "248",
    "name": "Pixel"
  },
  "207": {
    "id": "249",
    "name": "Muscle"
  },
  "208": {
    "id": "250",
    "name": "Split Pose"
  },
  "209": {
    "id": "251",
    "name": "Slim"
  },
  "210": {
    "id": "252",
    "name": "Sketch Ⅳ"
  },
  "211": {
    "id": "253",
    "name": "Emoji Ⅱ"
  },
  "212": {
    "id": "254",
    "name": "Figure 3"
  },
  "213": {
    "id": "255",
    "name": "Family Dude Ⅱ"
  },
  "214": {
    "id": "257",
    "name": "Snooze Puppy"
  },
  "215": {
    "id": "258",
    "name": "Pop Art 2"
  },
  "216": {
    "id": "259",
    "name": "Watercolor 2"
  },
  "217": {
    "id": "260",
    "name": "Random Poster"
  },
  "218": {
    "id": "261",
    "name": "Anime 4"
  },
  "219": {
    "id": "262",
    "name": "Oil Painting"
  },
  "220": {
    "id": "263",
    "name": "Sketch 5"
  },
  "221": {
    "id": "264",
    "name": "Manga 2"
  },
  "222": {
    "id": "265",
    "name": "Gothic Ⅱ"
  },
  "223": {
    "id": "1000",
    "name": "2D Anime"
  },
  "224": {
    "id": "1002",
    "name": "Dark Gothic"
  },
  "225": {
    "id": "1003",
    "name": "Watercolor"
  },
  "226": {
    "id": "1004",
    "name": "90s Pure Love"
  },
  "227": {
    "id": "1005",
    "name": "Romance Comic"
  },
  "228": {
    "id": "1006",
    "name": "Doodle Draw"
  },
  "229": {
    "id": "1007",
    "name": "American Comic"
  },
  "230": {
    "id": "1008",
    "name": "Superhero Comics"
  },
  "231": {
    "id": "1009",
    "name": "Christmas Anime"
  },
  "232": {
    "id": "1010",
    "name": "Santa Costume"
  },
  "233": {
    "id": "2009",
    "name": "LinkedIn photo"
  },
  "234": {
    "id": "2024",
    "name": "Vacation"
  },
  "235": {
    "id": "2031",
    "name": "Jazzage"
  },
  "236": {
    "id": "2033",
    "name": "Workwear"
  },
  "237": {
    "id": "2035",
    "name": "Hippie Age"
  },
  "238": {
    "id": "2037",
    "name": "preppy age"
  },
  "239": {
    "id": "2038",
    "name": "Subculture age"
  },
  "240": {
    "id": "2039",
    "name": "subculture age"
  },
  "241": {
    "id": "2044",
    "name": "Latex Male"
  },
  "242": {
    "id": "2049",
    "name": "Latex Female"
  },
  "243": {
    "id": "2054",
    "name": "Back to School - Male"
  },
  "244": {
    "id": "2059",
    "name": "Back to School - Female"
  },
  "245": {
    "id": "2060",
    "name": "2025 Prediction"
  },
  "246": {
    "id": "2069",
    "name": "Prison"
  },
  "247": {
    "id": "3000",
    "name": "China - Male"
  },
  "248": {
    "id": "3001",
    "name": "China - Female"
  },
  "249": {
    "id": "3002",
    "name": "HongKong - Male"
  },
  "250": {
    "id": "3003",
    "name": "HongKong - Female"
  },
  "251": {
    "id": "3004",
    "name": "TaiWan - Male"
  },
  "252": {
    "id": "3005",
    "name": "TaiWan - Female"
  },
  "253": {
    "id": "3006",
    "name": "Singapore - Male"
  },
  "254": {
    "id": "3007",
    "name": "Singapore - Female"
  },
  "255": {
    "id": "3008",
    "name": "India - Male"
  },
  "256": {
    "id": "3009",
    "name": "India - Female"
  },
  "257": {
    "id": "3010",
    "name": "Indonesia - Male"
  },
  "258": {
    "id": "3011",
    "name": "Indonesia - Female"
  },
  "259": {
    "id": "3012",
    "name": "Australia - Male"
  },
  "260": {
    "id": "3013",
    "name": "Australia - Female"
  },
  "261": {
    "id": "3014",
    "name": "Vietnamese - Male"
  },
  "262": {
    "id": "3015",
    "name": "Vietnamese - Female"
  },
  "263": {
    "id": "4000",
    "name": "Pearl"
  },
  "264": {
    "id": "4001",
    "name": "Swan"
  },
  "265": {
    "id": "4002",
    "name": "Ocean"
  },
  "266": {
    "id": "4003",
    "name": "Floral"
  },
  "267": {
    "id": "4004",
    "name": "Tidal"
  },
  "268": {
    "id": "4005",
    "name": "Ivory"
  },
  "269": {
    "id": "4006",
    "name": "Sunset"
  },
  "270": {
    "id": "4007",
    "name": "Noir"
  },
  "271": {
    "id": "4008",
    "name": "Violet"
  },
  "272": {
    "id": "4009",
    "name": "Casual"
  },
  "273": {
    "id": "4010",
    "name": "Barbie"
  },
  "274": {
    "id": "4011",
    "name": "Street"
  },
  "275": {
    "id": "4012",
    "name": "JK"
  },
  "276": {
    "id": "4013",
    "name": "Y2K"
  },
  "277": {
    "id": "4014",
    "name": "Urban"
  },
  "278": {
    "id": "4015",
    "name": "Petals"
  },
  "279": {
    "id": "4016",
    "name": "Coast"
  },
  "280": {
    "id": "4017",
    "name": "Lace"
  },
  "281": {
    "id": "4018",
    "name": "Ravish"
  },
  "282": {
    "id": "4019",
    "name": "Rosy"
  },
  "283": {
    "id": "5000",
    "name": "Glam"
  },
  "284": {
    "id": "5001",
    "name": "Goth"
  },
  "285": {
    "id": "5002",
    "name": "Igari"
  },
  "286": {
    "id": "5003",
    "name": "Clean"
  },
  "287": {
    "id": "5004",
    "name": "Doll"
  },
  "288": {
    "id": "6000",
    "name": "Basketball"
  },
  "289": {
    "id": "6001",
    "name": "American Football"
  },
  "290": {
    "id": "6002",
    "name": "Tennis"
  },
  "291": {
    "id": "6003",
    "name": "SoccerBall"
  },
  "292": {
    "id": "6004",
    "name": "Snowboarding "
  },
  "293": {
    "id": "6005",
    "name": "Skateboarding"
  },
  "294": {
    "id": "6006",
    "name": "Daily Life"
  },
  "295": {
    "id": "6007",
    "name": "Career Elite"
  },
  "296": {
    "id": "6008",
    "name": "Reading Time"
  },
  "297": {
    "id": "6009",
    "name": "Workaholic"
  },
  "298": {
    "id": "6010",
    "name": "Relaxing Weekend"
  },
  "299": {
    "id": "7000",
    "name": "Sweet Wedding"
  },
  "300": {
    "id": "7001",
    "name": "Valentine's Day"
  },
  "301": {
    "id": "7002",
    "name": "Friendship"
  },
  "302": {
    "id": "7003",
    "name": "Shake Hands"
  },
  "303": {
    "id": "8000",
    "name": "Lean"
  },
  "304": {
    "id": "8001",
    "name": "Fit"
  },
  "305": {
    "id": "8002",
    "name": "Tone"
  },
  "306": {
    "id": "8004",
    "name": "Bulk"
  },
  "307": {
    "id": "9000",
    "name": "Dreadlocks"
  },
  "308": {
    "id": "9001",
    "name": "Long Wavy"
  },
  "309": {
    "id": "9002",
    "name": "Short Wavy"
  },
  "310": {
    "id": "20001",
    "name": "Cartoon 3D"
  },
  "311": {
    "id": "20002",
    "name": "Spirited Wind"
  },
  "312": {
    "id": "20015",
    "name": "Say Hi"
  },
  "313": {
    "id": "20016",
    "name": "Show Muscles"
  },
  "314": {
    "id": "20017",
    "name": "First Snow"
  },
  "315": {
    "id": "20018",
    "name": "legend Warriors"
  },
  "316": {
    "id": "20020",
    "name": "Squish"
  },
  "317": {
    "id": "20021",
    "name": "Inflate"
  },
  "318": {
    "id": "20022",
    "name": "Blow Up"
  },
  "319": {
    "id": "20023",
    "name": "Melt"
  },
  "320": {
    "id": "20029",
    "name": "Christmas Gifts"
  },
  "321": {
    "id": "20030",
    "name": "Memory Hug"
  },
  "322": {
    "id": "20031",
    "name": "Xmas Party"
  },
  "323": {
    "id": "20032",
    "name": "Christmas Vibe"
  },
  "324": {
    "id": "20033",
    "name": "Passionate Kiss"
  },
  "325": {
    "id": "20034",
    "name": "Magic Show"
  },
  "326": {
    "id": "20035",
    "name": "Latex"
  },
  "327": {
    "id": "20036",
    "name": "Curly Hair"
  },
  "328": {
    "id": "20037",
    "name": "Pink Curls"
  },
  "329": {
    "id": "20038",
    "name": "Pigtails"
  },
  "330": {
    "id": "20039",
    "name": "Blue Pigtails"
  },
  "331": {
    "id": "20040",
    "name": "Long Hair"
  },
  "332": {
    "id": "20041",
    "name": "Purple Long Hair"
  },
  "333": {
    "id": "20042",
    "name": "Rose Love"
  },
  "334": {
    "id": "20043",
    "name": "Fireworks 2025"
  },
  "335": {
    "id": "20044",
    "name": "Chinese Style"
  },
  "336": {
    "id": "20045",
    "name": "Princess Carry"
  },
  "337": {
    "id": "20046",
    "name": "Sweet Proposal"
  },
  "338": {
    "id": "20047",
    "name": "Cupid's Arrow"
  },
  "339": {
    "id": "20048",
    "name": "Pets Snuggles"
  },
  "340": {
    "id": "20050",
    "name": "French Kiss"
  },
  "341": {
    "id": "20051",
    "name": "Blooming flowers"
  },
  "342": {
    "id": "20052",
    "name": "Cutting"
  },
  "343": {
    "id": "20053",
    "name": "Beast Partner"
  },
  "344": {
    "id": "20054",
    "name": "Balloon Fly"
  },
  "345": {
    "id": "20055",
    "name": "Cute Doll"
  },
  "346": {
    "id": "20056",
    "name": "Starlight Show"
  },
  "347": {
    "id": "20057 ",
    "name": "Fly Away"
  },
  "348": {
    "id": "20058",
    "name": "Princess"
  },
  "349": {
    "id": "20059",
    "name": "Sky Hero"
  },
  "350": {
    "id": "20060",
    "name": "Giant Anger"
  },
  "351": {
    "id": "20061",
    "name": "Giant Landing"
  },
  "352": {
    "id": "20062",
    "name": "Sakura Season"
  },
  "353": {
    "id": "20065",
    "name": "Fashion Show"
  },
  "354": {
    "id": "20067",
    "name": "Flame Show"
  },
  "355": {
    "id": "20068",
    "name": "Paper Man"
  },
  "356": {
    "id": "20069",
    "name": "Squeezing"
  },
  "357": {
    "id": "20070",
    "name": "Anime Live"
  },
  "358": {
    "id": "20071",
    "name": "Action Figures"
  },
  "359": {
    "id": "20073",
    "name": "Move Around"
  },
  "360": {
    "id": "20074",
    "name": "Zoom In"
  },
  "361": {
    "id": "20075",
    "name": "Robot"
  },
  "362": {
    "id": "20076",
    "name": "Gender Swap"
  },
  "363": {
    "id": "20077",
    "name": "Fall Asleep"
  },
  "364": {
    "id": "20078",
    "name": "Hot Me"
  },
  "365": {
    "id": "20079",
    "name": "Action Figure Ⅱ"
  },
  "366": {
    "id": "20080",
    "name": "180 ° Rotation"
  },
  "367": {
    "id": "20083",
    "name": "Suit Thugs"
  },
  "368": {
    "id": "20084",
    "name": "Hot Dance"
  },
  "369": {
    "id": "20085",
    "name": "Catch Doll"
  },
  "370": {
    "id": "20086",
    "name": "Collapse"
  },
  "371": {
    "id": "20087",
    "name": "Action Figure Ⅲ"
  },
  "372": {
    "id": "20088",
    "name": "Mine Cube"
  },
  "373": {
    "id": "20089",
    "name": "Grow Up"
  },
  "374": {
    "id": "20090",
    "name": "Transition"
  },
  "375": {
    "id": "20091",
    "name": "Rain Kiss  "
  },
  "376": {
    "id": "20092",
    "name": "Circular Push-In"
  },
  "377": {
    "id": "20093",
    "name": "Circular Push-In Ⅱ"
  },
  "378": {
    "id": "20094",
    "name": "Emergency Beat"
  },
  "379": {
    "id": "20095",
    "name": "Tiger's Touch"
  },
  "380": {
    "id": "20096",
    "name": "Warmth of Jesus"
  },
  "381": {
    "id": "20097",
    "name": "Kungfu Club"
  },
  "382": {
    "id": "20098",
    "name": "Huge Cutie"
  },
  "383": {
    "id": "20099",
    "name": "Vroom Step"
  },
  "384": {
    "id": "20100",
    "name": "Cry River"
  },
  "385": {
    "id": "20101",
    "name": "Keep UP"
  },
  "386": {
    "id": "20102",
    "name": "Single Ladies"
  },
  "387": {
    "id": "20103",
    "name": "Uchida"
  },
  "388": {
    "id": "20104",
    "name": "Vanitosa"
  },
  "389": {
    "id": "20105",
    "name": "Punch Face"
  },
  "390": {
    "id": "20106",
    "name": "Pets to People"
  },
  "391": {
    "id": "20107",
    "name": "Cute Polaroid "
  },
  "392": {
    "id": "20108",
    "name": "Live Emoji"
  },
  "393": {
    "id": "20109",
    "name": "Age Change"
  },
  "394": {
    "id": "20110",
    "name": "Future Child"
  },
  "395": {
    "id": "20111",
    "name": "Jump To Cloud"
  },
  "396": {
    "id": "20112",
    "name": "Couple Drop"
  },
  "397": {
    "id": "20113",
    "name": "Toy Me"
  },
  "398": {
    "id": "20114",
    "name": "Love Drop"
  },
  "399": {
    "id": "20115",
    "name": "Boom Drop"
  },
  "400": {
    "id": "20116",
    "name": "Mermaid Me"
  },
  "401": {
    "id": "20117",
    "name": "Who's Arrested?"
  },
  "402": {
    "id": "20118",
    "name": "Thunder God"
  },
  "403": {
    "id": "20119",
    "name": "Liquid Metal"
  },
  "404": {
    "id": "20120",
    "name": "Watermelon Hit"
  },
  "405": {
    "id": "20121",
    "name": "Soul Depart"
  },
  "406": {
    "id": "20122",
    "name": "Eye Zoom In"
  },
  "407": {
    "id": "20123",
    "name": "Clayshot"
  },
  "408": {
    "id": "20124",
    "name": "Pixel Me"
  },
  "409": {
    "id": "20126",
    "name": "Hug Your Love"
  },
  "410": {
    "id": "20127",
    "name": "Kiss Kiss"
  },
  "411": {
    "id": "20128",
    "name": "Creepy Smile"
  },
  "412": {
    "id": "20129",
    "name": "Cleopatra Reborn"
  },
  "413": {
    "id": "20131",
    "name": "Fairy Me"
  },
  "414": {
    "id": "20132",
    "name": "Subject 3 Fever"
  },
  "415": {
    "id": "20133",
    "name": "PUBG Winner Hit"
  },
  "416": {
    "id": "20134",
    "name": "Past Life Job"
  },
  "417": {
    "id": "20135",
    "name": "Ride My Porsche"
  },
  "418": {
    "id": "20136",
    "name": "Redemption"
  },
  "419": {
    "id": "20137",
    "name": "Hitchcock Zoom"
  },
  "420": {
    "id": "20138",
    "name": "Flower Receive"
  },
  "421": {
    "id": "20140",
    "name": "Blow A Kiss"
  },
  "422": {
    "id": "20141",
    "name": "Old Photo Revival"
  },
  "423": {
    "id": "20142",
    "name": "My Boyfriendsssss"
  },
  "424": {
    "id": "20143",
    "name": "My Girlfriendssss"
  },
  "425": {
    "id": "20144",
    "name": "Fancy House"
  },
  "426": {
    "id": "20145",
    "name": "Twist your hips"
  },
  "427": {
    "id": "20146",
    "name": "Earth Zoom"
  },
  "428": {
    "id": "20147",
    "name": "Alien Kidnap"
  },
  "429": {
    "id": "20148",
    "name": "Smell the Lens"
  },
  "430": {
    "id": "20149",
    "name": "Muscle Max"
  },
  "431": {
    "id": "20150",
    "name": "Pole Dance"
  },
  "432": {
    "id": "20151",
    "name": "I Can Fly"
  },
  "433": {
    "id": "20152",
    "name": "Bald Swipe"
  },
  "434": {
    "id": "20153",
    "name": "Baby Arrived"
  },
  "435": {
    "id": "20154",
    "name": "Beam Me Up"
  },
  "436": {
    "id": "20155",
    "name": "Fisheye Lens"
  },
  "437": {
    "id": "20157",
    "name": "Cloning"
  },
  "438": {
    "id": "20158",
    "name": "Hi-Five Emoji Twin"
  },
  "439": {
    "id": "20159",
    "name": "Ruin Your Vow"
  },
  "440": {
    "id": "20160",
    "name": "Emoji Check"
  },
  "441": {
    "id": "20161",
    "name": "Petals of Goodbye"
  },
  "442": {
    "id": "20162",
    "name": "Officer Crush"
  },
  "443": {
    "id": "20163",
    "name": "Jump in the Pool"
  },
  "444": {
    "id": "20164",
    "name": "Family Love"
  },
  "445": {
    "id": "20165",
    "name": "Little Me"
  },
  "446": {
    "id": "20166",
    "name": "Wireframe"
  },
  "447": {
    "id": "20167",
    "name": "Group Me"
  },
  "448": {
    "id": "20168",
    "name": "Train Rush"
  },
  "449": {
    "id": "20169",
    "name": "Express Love"
  },
  "450": {
    "id": "20170",
    "name": "Olympic Diving"
  },
  "451": {
    "id": "20171",
    "name": "Live Concert"
  },
  "452": {
    "id": "20172",
    "name": "Mirror Selfie"
  },
  "453": {
    "id": "20173",
    "name": "Explosion"
  },
  "454": {
    "id": "30001",
    "name": "Magic Brush"
  },
  "455": {
    "id": "30003",
    "name": "Photo Enhancer"
  },
  "456": {
    "id": "30004",
    "name": "AI Eraser"
  },
  "457": {
    "id": "30005",
    "name": "AI Dress-Up"
  },
  "458": {
    "id": "30006",
    "name": "AI Background"
  },
  "459": {
    "id": "30008",
    "name": "Old Photo Restore"
  },
  "460": {
    "id": "30009",
    "name": "Chat Edit"
  },
  "461": {
    "id": "30010",
    "name": "Make Up"
  },
  "462": {
    "id": "30011",
    "name": "AI Hair"
  },
  "463": {
    "id": "30012",
    "name": "AI Muscle"
  },
  "464": {
    "id": "40000",
    "name": "DIY Lab"
  },
  "465": {
    "id": "40010",
    "name": "Retro Oscar"
  },
  "466": {
    "id": "40011",
    "name": "Best Actress"
  },
  "467": {
    "id": "40012",
    "name": "Office Worker"
  },
  "468": {
    "id": "40013",
    "name": "Multiverse"
  },
  "469": {
    "id": "40014",
    "name": "Thinking in the Air"
  },
  "470": {
    "id": "40015",
    "name": "Miracle Woman"
  },
  "471": {
    "id": "40016",
    "name": "Bushido"
  },
  "472": {
    "id": "40017",
    "name": "Underwater World"
  },
  "473": {
    "id": "40018",
    "name": "Castle Ghost"
  },
  "474": {
    "id": "40019",
    "name": "Code V"
  },
  "475": {
    "id": "40020",
    "name": "Technology Future"
  },
  "476": {
    "id": "40021",
    "name": "Best Actor"
  },
  "477": {
    "id": "40022",
    "name": "Miami Scenery"
  },
  "478": {
    "id": "40023",
    "name": "Flame Art"
  },
  "479": {
    "id": "40024",
    "name": "Color Collision"
  },
  "480": {
    "id": "40025",
    "name": "Cosmic Fantasy"
  },
  "481": {
    "id": "40026",
    "name": "Baby Angel"
  },
  "482": {
    "id": "40027",
    "name": "Female Pioneers"
  },
  "483": {
    "id": "40028",
    "name": "Bloody Romance"
  },
  "484": {
    "id": "40029",
    "name": "Warrior of Glory"
  },
  "485": {
    "id": "40030",
    "name": "Daily Records"
  },
  "486": {
    "id": "40031",
    "name": "Emergencies"
  },
  "487": {
    "id": "40032",
    "name": "Street Art"
  },
  "488": {
    "id": "40033",
    "name": "Rrincess Outing"
  },
  "489": {
    "id": "40034",
    "name": "Grassland Love"
  },
  "490": {
    "id": "40035",
    "name": "Retro futuristic"
  },
  "491": {
    "id": "40036",
    "name": "Elf Archer"
  },
  "492": {
    "id": "40037",
    "name": "Cyber Chef"
  },
  "493": {
    "id": "40038",
    "name": "Line Magic"
  },
  "494": {
    "id": "40039",
    "name": "Confident Girl"
  },
  "495": {
    "id": "40040",
    "name": "Youth Years"
  },
  "496": {
    "id": "40041",
    "name": "Vice City"
  },
  "497": {
    "id": "40042",
    "name": "Paper Empire"
  },
  "498": {
    "id": "40043",
    "name": "Modern Art"
  },
  "499": {
    "id": "40044",
    "name": "Goddess's Gaze"
  },
  "500": {
    "id": "40045",
    "name": "Magic Dungeon"
  },
  "501": {
    "id": "40046",
    "name": "Hell Moon"
  },
  "502": {
    "id": "40047",
    "name": "Red Years"
  },
  "503": {
    "id": "40048",
    "name": "Imperial Afterglow"
  },
  "504": {
    "id": "40049",
    "name": "Ancient Kitchen"
  },
  "505": {
    "id": "40050",
    "name": "Future Graffiti"
  },
  "506": {
    "id": "40051",
    "name": "Fire Scene"
  },
  "507": {
    "id": "40052",
    "name": "Ukiyo-e"
  },
  "508": {
    "id": "40053",
    "name": "Aborigine"
  },
  "509": {
    "id": "40054",
    "name": "Watercolor Magic"
  },
  "510": {
    "id": "40055",
    "name": "Power Struggle"
  },
  "511": {
    "id": "40056",
    "name": "Neon Dance Party"
  },
  "512": {
    "id": "40057",
    "name": "Ski Game"
  },
  "513": {
    "id": "40058",
    "name": "Witch Girl"
  },
  "514": {
    "id": "40059",
    "name": "On Vacation"
  },
  "515": {
    "id": "40060",
    "name": "Watercolor Portrait"
  },
  "516": {
    "id": "40061",
    "name": "Orcs"
  },
  "517": {
    "id": "40062",
    "name": "American Campus"
  },
  "518": {
    "id": "40063",
    "name": "Line Chef"
  },
  "519": {
    "id": "40064",
    "name": "Cultural Blend"
  },
  "520": {
    "id": "40065",
    "name": "Pop Empire"
  },
  "521": {
    "id": "40066",
    "name": "Futurpunk"
  },
  "522": {
    "id": "40067",
    "name": "Improvisation"
  },
  "523": {
    "id": "40068",
    "name": "Cyber Sakura"
  },
  "524": {
    "id": "40069",
    "name": "Border Resident"
  },
  "525": {
    "id": "40070",
    "name": "Absolute Power"
  },
  "526": {
    "id": "40071",
    "name": "Ancient Heroine"
  },
  "527": {
    "id": "40072",
    "name": "Snap Fingers"
  },
  "528": {
    "id": "40073",
    "name": "Cooking Fun"
  },
  "529": {
    "id": "50034",
    "name": "Old Money"
  },
  "530": {
    "id": "50084",
    "name": "Modeling Photoshoot"
  },
  "531": {
    "id": "50134",
    "name": "LinkedIn Photo"
  },
  "532": {
    "id": "50184",
    "name": "Casual Headshot"
  },
  "533": {
    "id": "50209",
    "name": "Pregnancy Photo"
  }
}