{
  "سُورَةُ ٱلْفَاتِحَةِ": "سورة الفاتحة",
  "سُورَةُ البَقَرَةِ": "سورة البقرة",
  "سُورَةُ آلِ عِمۡرَانَ": "سورة آل عمران",
  "سُورَةُ النِّسَاءِ": "سورة النساء",
  "سُورَةُ المَائـِدَةِ": "سورة المائدة",
  "سُورَةُ الأَنۡعَامِ": "سورة الأنعام",
  "سُورَةُ الأَعۡرَافِ": "سورة الأعراف",
  "سُورَةُ الأَنفَالِ": "سورة الأنفال",
  "سُورَةُ التَّوۡبَةِ": "سورة التوبة",
  "سُورَةُ يُونُسَ": "سورة يونس",
  "سُورَةُ هُودٍ": "سورة هود",
  "سُورَةُ يُوسُفَ": "سورة يوسف",
  "سُورَةُ الرَّعۡدِ": "سورة الرعد",
  "سُورَةُ إِبۡرَاهِيمَ": "سورة إبراهيم",
  "سُورَةُ الحِجۡرِ": "سورة الحجر",
  "سُورَةُ النَّحۡلِ": "سورة النحل",
  "سُورَةُ الإِسۡرَاءِ": "سورة الإسراء",
  "سُورَةُ الكَهۡفِ": "سورة الكهف",
  "سُورَةُ مَرۡيَمَ": "سورة مريم",
  "سُورَةُ طه": "سورة طه",
  "سُورَةُ الأَنبِيَاءِ": "سورة الأنبياء",
  "سُورَةُ الحَجِّ": "سورة الحج",
  "سُورَةُ المُؤۡمِنُونَ": "سورة المؤمنون",
  "سُورَةُ النُّورِ": "سورة النور",
  "سُورَةُ الفُرۡقَانِ": "سورة الفرقان",
  "سُورَةُ الشُّعَرَاءِ": "سورة الشعراء",
  "سُورَةُ النَّمۡلِ": "سورة النمل",
  "سُورَةُ القَصَصِ": "سورة القصص",
  "سُورَةُ العَنكَبُوتِ": "سورة العنكبوت",
  "سُورَةُ الرُّومِ": "سورة الروم",
  "سُورَةُ لُقۡمَانَ": "سورة لقمان",
  "سُورَةُ السَّجۡدَةِ": "سورة السجدة",
  "سُورَةُ الأَحۡزَابِ": "سورة الأحزاب",
  "سُورَةُ سَبَإٍ": "سورة سبأ",
  "سُورَةُ فَاطِرٍ": "سورة فاطر",
  "سُورَةُ يسٓ": "سورة يس",
  "سُورَةُ الصَّافَّاتِ": "سورة الصافات",
  "سُورَةُ صٓ": "سورة ص",
  "سُورَةُ الزُّمَرِ": "سورة الزمر",
  "سُورَةُ غَافِرٍ": "سورة غافر",
  "سُورَةُ فُصِّلَتۡ": "سورة فصلت",
  "سُورَةُ الشُّورَىٰ": "سورة الشورى",
  "سُورَةُ الزُّخۡرُفِ": "سورة الزخرف",
  "سُورَةُ الدُّخَانِ": "سورة الدخان",
  "سُورَةُ الجَاثِيَةِ": "سورة الجاثية",
  "سُورَةُ الأَحۡقَافِ": "سورة الأحقاف",
  "سُورَةُ مُحَمَّدٍ": "سورة محمد",
  "سُورَةُ الفَتۡحِ": "سورة الفتح",
  "سُورَةُ الحُجُرَاتِ": "سورة الحجرات",
  "سُورَةُ قٓ": "سورة ق",
  "سُورَةُ الذَّارِيَاتِ": "سورة الذاريات",
  "سُورَةُ الطُّورِ": "سورة الطور",
  "سُورَةُ النَّجۡمِ": "سورة النجم",
  "سُورَةُ القَمَرِ": "سورة القمر",
  "سُورَةُ الرَّحۡمَٰن": "سورة الرحمان",
  "سُورَةُ الوَاقِعَةِ": "سورة الواقعة",
  "سُورَةُ الحَدِيدِ": "سورة الحديد",
  "سُورَةُ المُجَادلَةِ": "سورة المجادلة",
  "سُورَةُ الحَشۡرِ": "سورة الحشر",
  "سُورَةُ المُمۡتَحنَةِ": "سورة الممتحنة",
  "سُورَةُ الصَّفِّ": "سورة الصف",
  "سُورَةُ الجُمُعَةِ": "سورة الجمعة",
  "سُورَةُ المُنَافِقُونَ": "سورة المنافقون",
  "سُورَةُ التَّغَابُنِ": "سورة التغابن",
  "سُورَةُ الطَّلَاقِ": "سورة الطلاق",
  "سُورَةُ التَّحۡرِيمِ": "سورة التحريم",
  "سُورَةُ المُلۡكِ": "سورة الملك",
  "سُورَةُ القَلَمِ": "سورة القلم",
  "سُورَةُ الحَاقَّةِ": "سورة الحاقة",
  "سُورَةُ المَعَارِجِ": "سورة المعارج",
  "سُورَةُ نُوحٍ": "سورة نوح",
  "سُورَةُ الجِنِّ": "سورة الجن",
  "سُورَةُ المُزَّمِّلِ": "سورة المزمل",
  "سُورَةُ المُدَّثِّرِ": "سورة المدثر",
  "سُورَةُ القِيَامَةِ": "سورة القيامة",
  "سُورَةُ الإِنسَانِ": "سورة الإنسان",
  "سُورَةُ المُرۡسَلَاتِ": "سورة المرسلات",
  "سُورَةُ النَّبَإِ": "سورة النبإ",
  "سُورَةُ النَّازِعَاتِ": "سورة النازعات",
  "سُورَةُ عَبَسَ": "سورة عبس",
  "سُورَةُ التَّكۡوِيرِ": "سورة التكوير",
  "سُورَةُ الانفِطَارِ": "سورة الانفطار",
  "سُورَةُ المُطَفِّفِينَ": "سورة المطففين",
  "سُورَةُ الانشِقَاقِ": "سورة الانشقاق",
  "سُورَةُ البُرُوجِ": "سورة البروج",
  "سُورَةُ الطَّارِقِ": "سورة الطارق",
  "سُورَةُ الأَعۡلَىٰ": "سورة الأعلى",
  "سُورَةُ الغَاشِيَةِ": "سورة الغاشية",
  "سُورَةُ الفَجۡرِ": "سورة الفجر",
  "سُورَةُ البَلَدِ": "سورة البلد",
  "سُورَةُ الشَّمۡسِ": "سورة الشمس",
  "سُورَةُ اللَّيۡلِ": "سورة الليل",
  "سُورَةُ الضُّحَىٰ": "سورة الضحى",
  "سُورَةُ الشَّرۡحِ": "سورة الشرح",
  "سُورَةُ التِّينِ": "سورة التين",
  "سُورَةُ العَلَقِ": "سورة العلق",
  "سُورَةُ القَدۡرِ": "سورة القدر",
  "سُورَةُ البَيِّنَةِ": "سورة البينة",
  "سُورَةُ الزَّلۡزَلَةِ": "سورة الزلزلة",
  "سُورَةُ العَادِيَاتِ": "سورة العاديات",
  "سُورَةُ القَارِعَةِ": "سورة القارعة",
  "سُورَةُ التَّكَاثُرِ": "سورة التكاثر",
  "سُورَةُ العَصۡرِ": "سورة العصر",
  "سُورَةُ الهُمَزَةِ": "سورة الهمزة",
  "سُورَةُ الفِيلِ": "سورة الفيل",
  "سُورَةُ قُرَيۡشٍ": "سورة قريش",
  "سُورَةُ المَاعُونِ": "سورة الماعون",
  "سُورَةُ الكَوۡثَرِ": "سورة الكوثر",
  "سُورَةُ الكَافِرُونَ": "سورة الكافرون",
  "سُورَةُ النَّصۡرِ": "سورة النصر",
  "سُورَةُ المَسَدِ": "سورة المسد",
  "سُورَةُ الإِخۡلَاصِ": "سورة الإخلاص",
  "سُورَةُ الفَلَقِ": "سورة الفلق",
  "سُورَةُ النَّاسِ": "سورة الناس"
}
