{
  "61577315307138": {
    "fb_dtsg": "NAfuDqLdIXs3erlGcnk1aaxjH0RnDoleuWefS7hr1BTtSEBRW3eqIYw:41:1769174121",
    "jazoest": "25672"
  },
  "100055474806879": {
    "fb_dtsg": "NAfs7qbfOdlRSvat_QCwmOV6K6iq8iDX0WCLTRrF4Kb03Zjxzp-i_Hg:36:1769148514",
    "jazoest": "25534"
  },
  "61586300363538": {
    "fb_dtsg": "NAfubVC46_PkMCLv2GJrZAmKiviC3d1boHf3_JYXIEmcErfIWcXOdhw:13:1769510924",
    "jazoest": "25486"
  },
  "100019681343014": {
    "fb_dtsg": "NAfsIvPzbSCDaEmqFyCNpgVn2OLnWHEIyRfMdR-hHapSymtXLbT9mlw:40:1769576413",
    "jazoest": "25727"
  },
  "61586998051579": {
    "fb_dtsg": "NAfuoX5KVgpxNtm82rAoT4lklGwpMlyAySskmNSGJ4YFw3ZJ7CA7WUw:19:1769701287",
    "jazoest": "25610"
  }
}