[
    {
        "key": "dbln",
        "value": "%7B%2261587012898567%22%3A%22WMKw09ye%22%7D",
        "domain": "facebook.com",
        "path": "/login/device-based/",
        "hostOnly": false,
        "creation": "2026-01-29T15:41:52.401Z",
        "lastAccessed": "2026-01-29T15:41:52.406Z"
    },
    {
        "key": "datr",
        "value": "rdNyaVySWOUxUCFrYaDXbZ0x",
        "domain": "facebook.com",
        "path": "/",
        "hostOnly": false,
        "creation": "2026-01-29T15:41:52.406Z",
        "lastAccessed": "2026-01-29T15:41:52.406Z"
    },
    {
        "key": "sb",
        "value": "rdNyaSc723vfbPo71Wsypb5_",
        "domain": "facebook.com",
        "path": "/",
        "hostOnly": false,
        "creation": "2026-01-29T15:41:52.406Z",
        "lastAccessed": "2026-01-29T15:41:52.406Z"
    },
    {
        "key": "vpd",
        "value": "v1%3B752x393x2.75",
        "domain": "facebook.com",
        "path": "/",
        "hostOnly": false,
        "creation": "2026-01-29T15:41:52.406Z",
        "lastAccessed": "2026-01-29T15:41:52.406Z"
    },
    {
        "key": "ps_l",
        "value": "1",
        "domain": "facebook.com",
        "path": "/",
        "hostOnly": false,
        "creation": "2026-01-29T15:41:52.406Z",
        "lastAccessed": "2026-01-29T15:41:52.406Z"
    },
    {
        "key": "ps_n",
        "value": "1",
        "domain": "facebook.com",
        "path": "/",
        "hostOnly": false,
        "creation": "2026-01-29T15:41:52.406Z",
        "lastAccessed": "2026-01-29T15:41:52.406Z"
    },
    {
        "key": "locale",
        "value": "ar_AR",
        "domain": "facebook.com",
        "path": "/",
        "hostOnly": false,
        "creation": "2026-01-29T15:41:52.406Z",
        "lastAccessed": "2026-01-29T15:41:52.406Z"
    },
    {
        "key": "pas",
        "value": "61587014069671%3AGoxehKAcB1%2C61587012898567%3AOSdnwJPA7e%2C61586998051579%3AucJm37ReL3",
        "domain": "facebook.com",
        "path": "/",
        "hostOnly": false,
        "creation": "2026-01-29T15:41:52.406Z",
        "lastAccessed": "2026-01-29T15:41:52.406Z"
    },
    {
        "key": "wl_cbv",
        "value": "v2%3Bclient_version%3A3067%3Btimestamp%3A1769602617",
        "domain": "facebook.com",
        "path": "/",
        "hostOnly": false,
        "creation": "2026-01-29T15:41:52.406Z",
        "lastAccessed": "2026-01-29T15:41:52.406Z"
    },
    {
        "key": "dpr",
        "value": "3.0234789848327637",
        "domain": "facebook.com",
        "path": "/",
        "hostOnly": false,
        "creation": "2026-01-29T15:41:52.406Z",
        "lastAccessed": "2026-01-29T15:41:52.406Z"
    },
    {
        "key": "wd",
        "value": "891x1705",
        "domain": "facebook.com",
        "path": "/",
        "hostOnly": false,
        "creation": "2026-01-29T15:41:52.406Z",
        "lastAccessed": "2026-01-29T15:41:52.406Z"
    },
    {
        "key": "c_user",
        "value": "61586998051579",
        "domain": "facebook.com",
        "path": "/",
        "hostOnly": false,
        "creation": "2026-01-29T15:41:52.406Z",
        "lastAccessed": "2026-01-29T15:41:52.406Z"
    },
    {
        "key": "oo",
        "value": "v1%7C3%3A1769701288",
        "domain": "facebook.com",
        "path": "/",
        "hostOnly": false,
        "creation": "2026-01-29T15:41:52.406Z",
        "lastAccessed": "2026-01-29T15:41:52.406Z"
    },
    {
        "key": "xs",
        "value": "19%3A0a5_f9-4-_kV8w%3A2%3A1769701287%3A-1%3A-1%3A%3AAcyd3SsMJRGc_ycgnI934fMTofLmbz1MpFs1z-t9TQ",
        "domain": "facebook.com",
        "path": "/",
        "hostOnly": false,
        "creation": "2026-01-29T15:41:52.406Z",
        "lastAccessed": "2026-01-29T15:41:52.406Z"
    },
    {
        "key": "presence",
        "value": "C%7B%22t3%22%3A%5B%5D%2C%22utc3%22%3A1769701294244%2C%22v%22%3A1%7D",
        "domain": "facebook.com",
        "path": "/",
        "hostOnly": false,
        "creation": "2026-01-29T15:41:52.406Z",
        "lastAccessed": "2026-01-29T15:41:52.406Z"
    }
]